<?xml version="1.0" encoding="UTF-8"?>
<project-private xmlns="http://www.netbeans.org/ns/project-private/1">
    <editor-bookmarks xmlns="http://www.netbeans.org/ns/editor-bookmarks/2" lastBookmarkId="0"/>
    <open-files xmlns="http://www.netbeans.org/ns/projectui-open-files/2">
        <group>
            <file>file:/home/felipe/ifsc/ste/Atividade-4/adc_v2.X/ADConverter.h</file>
            <file>file:/home/felipe/ifsc/ste/Atividade-4/adc_v2.X/ADConverter.cpp</file>
            <file>file:/home/felipe/ifsc/ste/Atividade-4/adc_v2.X/main.cpp</file>
        </group>
    </open-files>
</project-private>
