<?xml version="1.0" encoding="UTF-8"?>
<project-private xmlns="http://www.netbeans.org/ns/project-private/1">
    <editor-bookmarks xmlns="http://www.netbeans.org/ns/editor-bookmarks/2" lastBookmarkId="0"/>
    <open-files xmlns="http://www.netbeans.org/ns/projectui-open-files/2">
        <group>
            <file>file:/home/felipe/ifsc/ste/avr/uart/uart-interrupt-v1.1.X/UART.cpp</file>
            <file>file:/home/felipe/ifsc/ste/avr/uart/uart-interrupt-v1.1.X/fila.h</file>
            <file>file:/home/felipe/ifsc/ste/avr/uart/uart-interrupt-v1.1.X/UART.h</file>
            <file>file:/home/felipe/ifsc/ste/avr/uart/uart-interrupt-v1.1.X/main.cpp</file>
        </group>
    </open-files>
</project-private>
